,date,onpromotion,oil_prices,sales
0,2013-01-01,0,67.71436595744682,2511.618999
1,2013-01-02,0,93.14,496092.417944
2,2013-01-03,0,92.97,361461.231124
3,2013-01-04,0,93.12,354459.6770927
4,2013-01-07,0,93.2,336122.801066
5,2013-01-08,0,93.21,318347.777981
6,2013-01-09,0,93.08,302530.809018
7,2013-01-10,0,93.81,258982.003049
8,2013-01-11,0,93.6,289737.6850845
9,2013-01-14,0,94.27,293348.362078
10,2013-01-15,0,93.26,299129.549954
11,2013-01-16,0,94.28,318347.913946
12,2013-01-17,0,95.49,267498.5159755
13,2013-01-18,0,95.61,296130.850028
14,2013-01-21,0,67.71436595744682,311211.26595000003
15,2013-01-22,0,96.09,296214.728983
16,2013-01-23,0,95.06,283258.4530325
17,2013-01-24,0,95.35,247245.690995
18,2013-01-25,0,95.15,290022.77193
19,2013-01-28,0,95.95,285460.169953
20,2013-01-29,0,97.62,264488.8180765
21,2013-01-30,0,97.98,281061.127052
22,2013-01-31,0,97.65,271254.217996
23,2013-02-01,0,97.46,369402.055266
24,2013-02-04,0,96.21,344308.715017
25,2013-02-05,0,96.68,321245.83913
26,2013-02-06,0,96.44,321538.177149
27,2013-02-07,0,95.84,290807.530973
28,2013-02-08,0,95.71,347441.789912
29,2013-02-11,0,97.01,278627.588926
30,2013-02-12,0,97.48,308800.7909121
31,2013-02-13,0,97.03,319597.929962
32,2013-02-14,0,97.3,308164.016957
33,2013-02-15,0,95.95,320168.883912
34,2013-02-18,0,67.71436595744682,350745.573191
35,2013-02-19,0,96.69,293637.801951
36,2013-02-20,0,94.92,313803.162034
37,2013-02-21,0,92.79,267711.1090155
38,2013-02-22,0,93.12,285679.869131
39,2013-02-25,0,92.74,307110.875933
40,2013-02-26,0,92.63,270425.0070675
41,2013-02-27,0,92.84,288401.998919
42,2013-02-28,0,92.03,278116.291888
43,2013-03-01,0,90.71,378898.165064
44,2013-03-04,0,90.13,383647.679097
45,2013-03-05,0,90.88,332189.993189
46,2013-03-06,0,90.47,335726.580968
47,2013-03-07,0,91.53,293099.52701
48,2013-03-08,0,92.01,316600.679967
49,2013-03-11,0,92.07,318379.133021
50,2013-03-12,0,92.44,271823.37801
51,2013-03-13,0,92.47,287869.663972
52,2013-03-14,0,93.03,247541.420096
53,2013-03-15,0,93.49,315878.090213
54,2013-03-18,0,93.71,330283.80303
55,2013-03-19,0,92.44,294020.245897
56,2013-03-20,0,93.21,321207.006946
57,2013-03-21,0,92.46,269130.127953
58,2013-03-22,0,93.41,304100.453969
59,2013-03-25,0,94.55,317559.6099585
60,2013-03-26,0,95.99,275818.2359
61,2013-03-27,0,96.53,313691.148998
62,2013-03-28,0,97.24,339293.269022
63,2013-03-29,0,67.71436595744682,345513.132
64,2013-04-01,0,97.1,428816.447912
65,2013-04-02,0,97.23,377732.827961
66,2013-04-03,0,95.02,373731.0758793
67,2013-04-04,0,93.26,308738.385963
68,2013-04-05,0,92.76,336394.782031
69,2013-04-08,0,93.36,346649.815943
70,2013-04-09,0,94.18,306335.8019617
71,2013-04-10,0,94.59,312846.374941
72,2013-04-11,0,93.44,303223.41301
73,2013-04-12,0,91.23,314394.967035
74,2013-04-15,0,88.75,338712.458055
75,2013-04-16,0,88.73,333431.880049
76,2013-04-17,0,86.65,334990.518942
77,2013-04-18,0,87.83,281924.509951
78,2013-04-19,0,88.04,311588.70494
79,2013-04-22,0,88.81,328886.320986
80,2013-04-23,0,89.21,302097.8329435
81,2013-04-24,0,91.07,310555.184925
82,2013-04-25,0,93.27,268790.618996
83,2013-04-26,0,92.63,304413.556952
84,2013-04-29,0,94.09,328795.874018
85,2013-04-30,0,93.22,310186.466894
86,2013-05-01,0,90.74,507974.636889
87,2013-05-02,0,93.7,348709.460063
88,2013-05-03,0,95.25,374291.2510323
89,2013-05-06,0,95.8,369869.383046
90,2013-05-07,0,95.28,317292.964148
91,2013-05-08,0,96.24,332477.410968
92,2013-05-09,0,96.09,305868.0570225
93,2013-05-10,0,95.81,335937.441949
94,2013-05-13,0,94.76,350598.06187
95,2013-05-14,0,93.96,308469.313119
96,2013-05-15,0,93.95,329113.560081
97,2013-05-16,0,94.85,307556.946937
98,2013-05-17,0,95.72,330004.241998
99,2013-05-20,0,96.29,341787.214991
100,2013-05-21,0,95.55,307178.399952
101,2013-05-22,0,93.98,301785.4831075
102,2013-05-23,0,94.12,289261.058026
103,2013-05-24,0,93.84,398389.241982
104,2013-05-27,0,67.71436595744682,321630.8309235
105,2013-05-28,0,94.65,307329.1680565
106,2013-05-29,0,93.13,309333.380899
107,2013-05-30,0,93.57,304344.849939
108,2013-05-31,0,91.93,330257.841975
109,2013-06-03,0,93.41,426332.097995
110,2013-06-04,0,93.36,369705.160085
111,2013-06-05,0,93.66,361791.080915
112,2013-06-06,0,94.71,317496.765891
113,2013-06-07,0,96.11,357673.087977
114,2013-06-10,0,95.82,349754.291978
115,2013-06-11,0,95.5,283858.2159925
116,2013-06-12,0,95.98,320173.5779987
117,2013-06-13,0,96.66,282886.9200452
118,2013-06-14,0,97.83,326956.7421072
119,2013-06-17,0,97.86,370944.271024
120,2013-06-18,0,98.46,320885.3399215
121,2013-06-19,0,98.24,306113.570978
122,2013-06-20,0,94.89,293877.944015
123,2013-06-21,0,93.81,319722.6870265
124,2013-06-24,0,95.07,336631.9640383
125,2013-06-25,0,95.25,305119.530064
126,2013-06-26,0,95.47,301847.2489636
127,2013-06-27,0,97.0,266525.458966
128,2013-06-28,0,96.36,324210.971803
129,2013-07-01,0,97.94,441758.3880965
130,2013-07-02,0,99.65,390958.38408
131,2013-07-03,0,101.92,374551.917949
132,2013-07-04,0,67.71436595744682,327020.179028
133,2013-07-05,0,103.09,351401.500074
134,2013-07-08,0,103.03,365452.995017
135,2013-07-09,0,103.46,317279.1449993
136,2013-07-10,0,106.41,314134.886071
137,2013-07-11,0,104.77,281750.931023
138,2013-07-12,0,105.85,308786.438133
139,2013-07-15,0,106.2,348803.0469486
140,2013-07-16,0,105.88,335516.229006
141,2013-07-17,0,106.39,324313.8180255
142,2013-07-18,0,107.94,287074.8739522
143,2013-07-19,0,108.0,313332.555049
144,2013-07-22,0,106.61,342802.29905
145,2013-07-23,0,107.13,316257.463107
146,2013-07-24,0,105.41,309243.7899995
147,2013-07-25,0,105.47,298074.2249247
148,2013-07-26,0,104.76,318745.692921
149,2013-07-29,0,104.61,331493.2850525
150,2013-07-30,0,103.14,318553.989932
151,2013-07-31,0,105.1,357982.979012
152,2013-08-01,0,107.93,397555.3181021
153,2013-08-02,0,106.94,393831.120007
154,2013-08-05,0,106.61,407033.810946
155,2013-08-06,0,105.32,357263.854086
156,2013-08-07,0,104.41,351302.132003
157,2013-08-08,0,103.45,310953.0239315
158,2013-08-09,0,106.04,337521.667868
159,2013-08-12,0,106.19,349539.224033
160,2013-08-13,0,106.78,317103.331061
161,2013-08-14,0,106.89,324377.386893
162,2013-08-15,0,107.43,311043.17291
163,2013-08-16,0,107.58,364487.3218839
164,2013-08-19,0,107.14,362085.52696
165,2013-08-20,0,104.9,343046.11398
166,2013-08-21,0,103.93,335724.643932
167,2013-08-22,0,104.93,306473.26098
168,2013-08-23,0,106.48,331906.369098
169,2013-08-26,0,105.88,347159.6410143
170,2013-08-27,0,109.11,319688.2190185
171,2013-08-28,0,110.17,319322.060993
172,2013-08-29,0,108.51,294518.685943
173,2013-08-30,0,107.98,354932.930947
174,2013-09-02,0,67.71436595744682,458792.960966
175,2013-09-03,0,108.67,397680.420032
176,2013-09-04,0,107.29,392565.48591
177,2013-09-05,0,108.5,330622.779063
178,2013-09-06,0,110.62,335442.247929
179,2013-09-09,0,109.62,377151.7070027
180,2013-09-10,0,107.48,308074.4658225
181,2013-09-11,0,107.65,323124.61885
182,2013-09-12,0,108.72,282855.730937
183,2013-09-13,0,108.31,319556.942029
184,2013-09-16,0,106.54,373229.840879
185,2013-09-17,0,105.36,327282.949966
186,2013-09-18,0,108.23,315687.718926
187,2013-09-19,0,106.26,279580.372008
188,2013-09-20,0,104.7,331846.9039701
189,2013-09-23,0,103.62,356043.0340047
190,2013-09-24,0,103.22,303333.392926
191,2013-09-25,0,102.68,312490.104996
192,2013-09-26,0,103.1,273057.8798588
193,2013-09-27,0,102.86,320246.574024
194,2013-09-30,0,102.36,367068.4500143
195,2013-10-01,0,102.09,436441.034076
196,2013-10-02,0,104.15,414455.6550375
197,2013-10-03,0,103.29,348933.24703
198,2013-10-04,0,103.83,378109.978059
199,2013-10-07,0,103.07,373387.109043
200,2013-10-08,0,103.54,326726.7240121
201,2013-10-09,0,101.63,322529.418957
202,2013-10-10,0,103.08,305047.0980576
203,2013-10-11,0,102.17,402913.849028
204,2013-10-14,0,102.46,342694.7209944
205,2013-10-15,0,101.15,305242.569986
206,2013-10-16,0,102.34,355696.963943
207,2013-10-17,0,100.72,312949.412961
208,2013-10-18,0,100.87,323327.873107
209,2013-10-21,0,99.28,348721.327971
210,2013-10-22,0,97.63,301641.7850828
211,2013-10-23,0,96.9,323105.11598
212,2013-10-24,0,96.65,276059.0800025
213,2013-10-25,0,97.4,317570.4260338
214,2013-10-28,0,98.74,346941.91396
215,2013-10-29,0,98.29,302332.9969864
216,2013-10-30,0,96.81,319494.7050373
217,2013-10-31,0,96.29,298195.433106
218,2013-11-01,0,94.56,403637.232955
219,2013-11-04,0,94.58,424314.167046
220,2013-11-05,0,93.4,393322.182909
221,2013-11-06,0,94.74,386426.9788195
222,2013-11-07,0,94.25,346293.3400477
223,2013-11-08,0,94.56,358473.978049
224,2013-11-11,0,95.13,374087.890067
225,2013-11-12,0,93.12,373277.748034
226,2013-11-13,0,93.91,332279.2568851
227,2013-11-14,0,93.76,284567.4029707
228,2013-11-15,0,93.8,349383.296052
229,2013-11-18,0,93.03,391945.551999
230,2013-11-19,0,93.35,329455.2710234
231,2013-11-20,0,93.34,354337.734795
232,2013-11-21,0,95.35,298047.047965
233,2013-11-22,0,94.53,340734.213038
234,2013-11-25,0,93.86,365965.5090102
235,2013-11-26,0,93.41,323292.830024
236,2013-11-27,0,92.05,337083.286026
237,2013-11-28,0,67.71436595744682,305982.981947
238,2013-11-29,0,92.55,357000.404165
239,2013-12-02,0,93.61,495488.366984
240,2013-12-03,0,95.83,424438.046973
241,2013-12-04,0,96.97,424147.0459855
242,2013-12-05,0,97.14,386406.804985
243,2013-12-06,0,97.48,432661.755068
244,2013-12-09,0,97.1,442309.3141075
245,2013-12-10,0,98.32,414421.695986
246,2013-12-11,0,97.25,422957.198908
247,2013-12-12,0,97.21,384256.080979
248,2013-12-13,0,96.27,434657.0129787
249,2013-12-16,0,97.18,516060.290853
250,2013-12-17,0,96.99,480470.7168425
251,2013-12-18,0,97.59,527481.336925
252,2013-12-19,0,98.4,507461.038187
253,2013-12-20,0,99.11,544104.2676365
254,2013-12-23,0,98.62,792865.284427
255,2013-12-24,0,98.87,620663.290732
256,2013-12-26,0,99.18,470731.1624137
257,2013-12-27,0,99.94,479314.968043
258,2013-12-30,0,98.9,635134.7358515
259,2013-12-31,0,98.17,507264.6630475
260,2014-01-01,0,67.71436595744682,8602.065404
261,2014-01-02,0,95.14,797865.079339
262,2014-01-03,0,93.66,680672.845603
263,2014-01-06,0,93.12,602268.564009
264,2014-01-07,0,93.31,563450.5988595
265,2014-01-08,0,91.9,636176.853478
266,2014-01-09,0,91.36,496377.933414
267,2014-01-10,0,92.39,543055.329066
268,2014-01-13,0,91.45,555547.0150185
269,2014-01-14,0,92.15,502643.104285
270,2014-01-15,0,93.78,567067.469069
271,2014-01-16,0,93.54,502789.214207
272,2014-01-17,0,93.96,542937.915657
273,2014-01-20,0,67.71436595744682,575850.061871
274,2014-01-21,0,94.51,538817.207912
275,2014-01-22,0,96.35,553097.596874
276,2014-01-23,0,97.23,460789.0398597
277,2014-01-24,0,96.66,526124.572256
278,2014-01-27,0,95.82,540798.833711
279,2014-01-28,0,97.49,481593.435798
280,2014-01-29,0,97.34,512853.989922
281,2014-01-30,0,98.25,453642.9707033
282,2014-01-31,0,97.55,560816.192394
283,2014-02-03,0,96.44,461637.5229585
284,2014-02-04,0,97.24,403189.5869763
285,2014-02-05,0,97.4,399138.3059075
286,2014-02-06,0,97.84,359139.101529
287,2014-02-07,0,99.98,389471.568011
288,2014-02-10,0,100.12,396622.737011
289,2014-02-11,0,99.96,358382.7339877
290,2014-02-12,0,100.38,387758.393971
291,2014-02-13,0,100.27,347373.2985675
292,2014-02-14,0,100.31,361206.4069057
293,2014-02-17,0,67.71436595744682,412029.2879535
294,2014-02-18,0,102.54,365331.247942
295,2014-02-19,0,103.46,360161.6390075
296,2014-02-20,0,103.2,322451.9201135
297,2014-02-21,0,102.53,369403.653633
298,2014-02-24,0,103.17,404224.188997
299,2014-02-25,0,102.2,351418.110084
300,2014-02-26,0,102.93,353604.266985
301,2014-02-27,0,102.68,330330.185244
302,2014-02-28,0,102.88,425624.795466
303,2014-03-03,0,105.34,613973.031386
304,2014-03-04,0,103.64,748930.902096
305,2014-03-05,0,101.75,741756.416525
306,2014-03-06,0,101.82,614082.444339
307,2014-03-07,0,102.82,598242.341178
308,2014-03-10,0,101.39,587414.828974
309,2014-03-11,0,100.29,539365.375063
310,2014-03-12,0,98.29,575676.797032
311,2014-03-13,0,98.57,473298.042544
312,2014-03-14,0,99.23,530515.2554715
313,2014-03-17,0,98.43,612719.522118
314,2014-03-18,0,100.08,537427.86875
315,2014-03-19,0,100.71,585974.657018
316,2014-03-20,0,99.68,500897.112641
317,2014-03-21,0,99.97,548811.469984
318,2014-03-24,0,100.05,563747.884919
319,2014-03-25,0,99.66,539861.6183493
320,2014-03-26,0,100.61,569680.543547
321,2014-03-27,0,101.25,468581.398304
322,2014-03-28,0,101.73,538905.781947
323,2014-03-31,0,101.57,651800.509461
324,2014-04-01,8,99.69,485079.887001
325,2014-04-02,4,99.6,463917.316107
326,2014-04-03,120,100.29,388867.961418
327,2014-04-04,5,101.16,422578.745073
328,2014-04-07,3,100.43,426091.1040178
329,2014-04-08,8,102.57,376663.272105
330,2014-04-09,4,103.55,375309.082012
331,2014-04-10,119,103.37,334052.7571255
332,2014-04-11,14,103.68,379646.845927
333,2014-04-14,8,104.05,381386.309033
334,2014-04-15,45,103.7,364689.054991
335,2014-04-16,45,103.71,411357.084985
336,2014-04-17,455,104.33,397464.842904
337,2014-04-18,37,67.71436595744682,394392.184115
338,2014-04-21,28,104.35,398677.396998
339,2014-04-22,49,101.69,370552.249018
340,2014-04-23,58,101.47,372232.595049
341,2014-04-24,460,102.2,320875.477858
342,2014-04-25,22,100.85,357173.708433
343,2014-04-28,65,101.13,362271.9169815
344,2014-04-29,73,101.56,326338.348031
345,2014-04-30,86,100.07,357079.964912
346,2014-05-01,547,99.69,530380.848064
347,2014-05-02,215,100.09,443284.891212
348,2014-05-05,67,99.74,427601.704071
349,2014-05-06,84,99.81,388945.890086
350,2014-05-07,71,101.06,391932.183945
351,2014-05-08,472,100.52,337483.713217
352,2014-05-09,218,100.32,381335.196055
353,2014-05-12,61,100.89,398251.889006
354,2014-05-13,65,102.01,360734.522978
355,2014-05-14,151,102.63,356373.806985
356,2014-05-15,534,101.74,332272.8296378
357,2014-05-16,1188,102.31,380822.742652
358,2014-05-19,110,102.95,388814.744958
359,2014-05-20,157,102.8,354372.33997
360,2014-05-21,191,104.31,356898.483031
361,2014-05-22,1561,104.03,310660.142642
362,2014-05-23,1274,105.01,349549.892726
363,2014-05-26,188,67.71436595744682,373831.086112
364,2014-05-27,196,104.78,327642.143098
365,2014-05-28,192,103.37,338481.784057
366,2014-05-29,1586,104.26,326624.5773325
367,2014-05-30,1224,103.4,375782.6398709
368,2014-06-02,195,103.07,512725.7729758
369,2014-06-03,213,103.34,443636.187975
370,2014-06-04,236,103.27,423284.494993
371,2014-06-05,1616,103.17,359474.513823
372,2014-06-06,1264,103.32,391266.125449
373,2014-06-09,199,105.09,415798.946041
374,2014-06-10,199,105.02,351689.4229725
375,2014-06-11,258,105.04,373828.16418
376,2014-06-12,1979,107.2,329408.06736
377,2014-06-13,1335,107.49,392308.374573
378,2014-06-16,338,107.52,447450.23987
379,2014-06-17,380,106.95,380396.036044
380,2014-06-18,425,106.64,373408.6641423
381,2014-06-19,2359,107.08,332280.93509600003
382,2014-06-20,1933,107.95,369206.789547
383,2014-06-23,237,106.83,414929.6359765
384,2014-06-24,266,106.64,340464.7450455
385,2014-06-25,354,107.04,355342.398017
386,2014-06-26,2168,106.49,315798.180924
387,2014-06-27,2732,106.46,370793.573429
388,2014-06-30,352,106.07,429324.0552005
389,2014-07-01,2320,106.06,720480.616788
390,2014-07-02,4310,105.18,747430.1471275
391,2014-07-03,2383,104.76,583844.7207922
392,2014-07-04,4056,67.71436595744682,595424.31324
393,2014-07-07,492,104.19,638526.428909
394,2014-07-08,2183,104.06,557291.4975265
395,2014-07-09,4281,102.93,574451.409963
396,2014-07-10,2465,103.61,498047.54898
397,2014-07-11,4057,101.48,535644.182793
398,2014-07-14,617,101.73,584867.15114
399,2014-07-15,2329,100.56,562860.0268329
400,2014-07-16,4446,101.88,621336.4939885
401,2014-07-17,2416,103.84,498221.7050971
402,2014-07-18,4275,103.83,547619.0590519
403,2014-07-21,592,105.34,600228.430008
404,2014-07-22,2287,104.59,530276.040011
405,2014-07-23,4459,103.81,574168.635995
406,2014-07-24,2425,102.76,484618.8170115
407,2014-07-25,4395,105.23,579767.285128
408,2014-07-28,557,105.68,583936.68549
409,2014-07-29,2207,104.91,524743.3250017
410,2014-07-30,4640,104.29,578056.965281
411,2014-07-31,2319,98.23,532423.558194
412,2014-08-01,4407,97.86,506826.7949305
413,2014-08-04,402,98.26,471173.304022
414,2014-08-05,395,97.34,417197.476176
415,2014-08-06,515,96.93,402914.370941
416,2014-08-07,2310,97.34,359701.532989
417,2014-08-08,4308,97.61,397759.9389829
418,2014-08-11,530,98.09,409544.575013
419,2014-08-12,488,97.36,353898.211991
420,2014-08-13,623,97.57,372116.544964
421,2014-08-14,2331,95.54,340740.8170565
422,2014-08-15,4456,97.3,402631.8400593
423,2014-08-18,514,96.44,433042.298907
424,2014-08-19,512,94.35,379329.9530773
425,2014-08-20,582,96.4,398126.790988
426,2014-08-21,2412,93.97,355108.8749955
427,2014-08-22,4479,93.61,388359.8983235
428,2014-08-25,591,95.39,412250.075007
429,2014-08-26,516,95.78,355053.9079745
430,2014-08-27,623,95.82,366321.498077
431,2014-08-28,2175,96.44,327912.427
432,2014-08-29,4268,97.86,403288.917062
433,2014-09-01,633,67.71436595744682,812526.219024
434,2014-09-02,2300,92.92,717351.552768
435,2014-09-03,4724,95.5,726683.8617375
436,2014-09-04,2657,94.51,551340.0774347
437,2014-09-05,4802,93.32,603043.241921
438,2014-09-08,802,92.64,648651.744928
439,2014-09-09,2511,92.73,562420.568002
440,2014-09-10,4874,91.71,612987.4722337
441,2014-09-11,2737,92.89,483462.953022
442,2014-09-12,4727,92.18,564382.847851
443,2014-09-15,870,92.86,630710.5728885
444,2014-09-16,2647,94.91,608239.973016
445,2014-09-17,4999,94.33,617472.3442115
446,2014-09-18,2683,93.07,479500.843061
447,2014-09-19,4614,92.43,550213.093909
448,2014-09-22,798,91.46,589120.293928
449,2014-09-23,2593,91.55,559954.304399
450,2014-09-24,4837,93.6,598183.114508
451,2014-09-25,2489,93.59,466867.377076
452,2014-09-26,4319,95.55,515474.223943
453,2014-09-29,582,94.53,586682.822002
454,2014-09-30,2278,91.17,599093.9157257
455,2014-10-01,4804,90.74,784500.253914
456,2014-10-02,2616,91.02,634306.519052
457,2014-10-03,4482,89.76,675639.295098
458,2014-10-06,606,90.33,641480.757266
459,2014-10-07,2353,88.89,586410.2709706
460,2014-10-08,4784,87.29,620201.323059
461,2014-10-09,2450,85.76,510519.923104
462,2014-10-10,4569,85.87,702470.317955
463,2014-10-13,565,85.73,611726.926015
464,2014-10-14,2357,81.72,550589.573294
465,2014-10-15,4945,81.82,624797.469491
466,2014-10-16,2557,82.33,538252.607117
467,2014-10-17,4551,82.8,558538.135999
468,2014-10-20,609,82.76,624629.990941
469,2014-10-21,2086,83.25,542207.165266
470,2014-10-22,4755,80.52,584926.355993
471,2014-10-23,2526,82.81,492233.2322
472,2014-10-24,4477,81.27,528403.680064
473,2014-10-27,583,81.26,572806.6319285
474,2014-10-28,2327,81.36,512678.811505
475,2014-10-29,4953,82.25,560819.6780005
476,2014-10-30,2357,81.06,459715.26616
477,2014-10-31,4421,80.53,561876.0719155
478,2014-11-03,690,78.77,973192.041735
479,2014-11-04,2373,77.15,702751.953595
480,2014-11-05,4858,78.71,718799.9390395
481,2014-11-06,2519,77.87,566118.381055
482,2014-11-07,4392,78.71,585330.25773
483,2014-11-10,540,77.43,593376.793073
484,2014-11-11,2362,77.85,552505.750307
485,2014-11-12,4810,77.16,588093.484021
486,2014-11-13,2503,74.13,468057.386823
487,2014-11-14,4434,75.91,553007.970965
488,2014-11-17,754,75.64,620876.340058
489,2014-11-18,2663,74.55,553367.204141
490,2014-11-19,5147,74.55,580234.0113007
491,2014-11-20,2824,75.63,511855.7610447
492,2014-11-21,4573,76.52,567978.732759
493,2014-11-24,710,75.74,610847.95702
494,2014-11-25,2544,74.04,541225.608011
495,2014-11-26,5021,73.7,579125.306002
496,2014-11-27,2774,67.71436595744682,475823.897052
497,2014-11-28,4654,65.94,559619.825094
498,2014-12-01,1423,68.98,817413.561974
499,2014-12-02,3045,66.99,735319.1840285
500,2014-12-03,5359,67.3,715127.614539
501,2014-12-04,3216,66.73,578961.517004
502,2014-12-05,4849,65.89,635445.153317
503,2014-12-08,922,63.13,790283.289992
504,2014-12-09,2992,63.74,665123.962957
505,2014-12-10,5562,60.99,732121.033873
506,2014-12-11,3159,60.01,580542.178879
507,2014-12-12,4853,57.81,642760.387245
508,2014-12-15,1025,55.96,790182.945791
509,2014-12-16,2973,55.97,799067.056179
510,2014-12-17,5290,56.43,779966.499188
511,2014-12-18,3179,54.18,731938.479893
512,2014-12-19,4940,56.91,757349.3758179
513,2014-12-22,1582,55.25,1008143.3460193
514,2014-12-23,3365,56.78,1064977.9730725
515,2014-12-24,5828,55.7,965982.871715
516,2014-12-26,5714,54.59,872098.456795
517,2014-12-29,1783,53.46,773998.401175
518,2014-12-30,3494,54.14,912970.533204
519,2014-12-31,5648,53.45,844380.469674
520,2015-01-01,12,67.71436595744682,12773.61698
521,2015-01-02,4949,52.72,657763.391981
522,2015-01-05,1148,50.05,569267.29796
523,2015-01-06,1042,47.98,477886.741053
524,2015-01-07,1291,48.69,494160.850117
525,2015-01-08,3063,48.8,417482.689131
526,2015-01-09,4761,48.35,439381.226073
527,2015-01-12,1043,46.06,442845.544014
528,2015-01-13,1213,45.92,393799.993059
529,2015-01-14,1586,48.49,400923.97107
530,2015-01-15,2608,46.37,371146.144942
531,2015-01-16,4510,48.49,423599.9357975
532,2015-01-19,588,67.71436595744682,448217.896919
533,2015-01-20,569,46.79,405308.77722
534,2015-01-21,697,47.85,413202.592067
535,2015-01-22,2598,45.93,364862.5390355
536,2015-01-23,4475,45.26,416937.181925
537,2015-01-26,540,44.8,410009.617966
538,2015-01-27,560,45.84,360009.850046
539,2015-01-28,639,44.08,376935.916035
540,2015-01-29,2696,44.12,343062.160973
541,2015-01-30,4647,47.79,435899.6719165
542,2015-02-02,653,49.25,538301.886974
543,2015-02-03,583,53.04,475249.842928
544,2015-02-04,687,48.45,451923.147059
545,2015-02-05,2640,50.48,407491.967944
546,2015-02-06,4645,51.66,437147.54517
547,2015-02-09,722,52.99,458002.152043
548,2015-02-10,694,50.06,400825.9849177
549,2015-02-11,766,48.8,400115.3330245
550,2015-02-12,2613,51.17,384963.142969
551,2015-02-13,4536,52.66,493265.468013
552,2015-02-16,574,67.71436595744682,420740.903983
553,2015-02-17,609,53.56,483088.134093
554,2015-02-18,670,52.13,497499.057967
555,2015-02-19,2616,51.12,436360.905914
556,2015-02-20,4387,49.95,483681.015026
557,2015-02-23,425,49.56,443349.890841
558,2015-02-24,411,48.48,407890.277971
559,2015-02-25,476,50.25,395774.954032
560,2015-02-26,2631,47.65,354938.226975
561,2015-02-27,4475,49.84,436488.424914
562,2015-03-02,464,49.59,546037.787999
563,2015-03-03,571,50.43,492365.24083
564,2015-03-04,608,51.53,483330.548167
565,2015-03-05,2679,50.76,428599.809059
566,2015-03-06,4451,49.61,463723.974873
567,2015-03-09,557,49.95,480371.950086
568,2015-03-10,567,48.42,457881.7640763
569,2015-03-11,572,48.06,425617.727075
570,2015-03-12,2664,47.12,382588.6690535
571,2015-03-13,4501,44.88,434805.995204
572,2015-03-16,597,43.93,466598.425914
573,2015-03-17,581,43.39,415359.51603
574,2015-03-18,600,44.63,398629.999994
575,2015-03-19,2698,44.02,373324.3829895
576,2015-03-20,4477,46.0,467687.945081
577,2015-03-23,543,47.4,462664.2370045
578,2015-03-24,445,47.03,407369.722015
579,2015-03-25,579,48.75,408258.189916
580,2015-03-26,2769,51.41,367006.957001
581,2015-03-27,4596,48.83,436906.608975
582,2015-03-30,632,48.66,437878.834978
583,2015-03-31,590,47.72,443278.893073
584,2015-04-01,777,50.12,557223.161038
585,2015-04-02,2854,49.13,524588.902022
586,2015-04-03,4598,67.71436595744682,510296.785948
587,2015-04-06,578,52.08,519734.816963
588,2015-04-07,631,53.95,464788.21798
589,2015-04-08,753,50.44,461140.213006
590,2015-04-09,2883,50.79,398718.315935
591,2015-04-10,4725,51.63,445869.298012
592,2015-04-13,643,51.95,453724.756048
593,2015-04-14,666,53.3,403623.396979
594,2015-04-15,739,56.25,438106.287965
595,2015-04-16,3374,56.69,418643.193957
596,2015-04-17,5102,55.71,456303.236748
597,2015-04-20,1146,56.37,481694.770966
598,2015-04-21,1090,55.58,426018.313035
599,2015-04-22,1250,56.17,421108.210059
600,2015-04-23,3300,56.59,392147.042002
601,2015-04-24,5216,55.98,437625.507963
602,2015-04-27,1046,55.56,425049.148087
603,2015-04-28,1057,57.05,374839.1850745
604,2015-04-29,1012,58.55,398724.330055
605,2015-04-30,3267,59.62,432612.141938
606,2015-05-01,5555,59.1,674509.400095
607,2015-05-04,1282,58.92,556245.147953
608,2015-05-05,1240,60.38,509493.227021
609,2015-05-06,1340,60.93,504999.550962
610,2015-05-07,3372,58.99,444082.309939
611,2015-05-08,5130,59.41,481304.22297
612,2015-05-11,1055,59.23,524864.051063
613,2015-05-12,1014,60.72,452162.874045
614,2015-05-13,1172,60.5,446915.639008
615,2015-05-14,3153,59.89,395609.666087
616,2015-05-15,5076,59.73,483535.538107
617,2015-05-18,968,59.44,496595.01098
618,2015-05-19,999,57.3,446375.4880335
619,2015-05-20,1232,58.96,466238.630977
620,2015-05-21,3115,60.18,417006.136035
621,2015-05-22,4923,58.88,458727.917031
622,2015-05-25,941,67.71436595744682,534802.790004
623,2015-05-26,887,57.29,463132.406006
624,2015-05-27,1007,57.51,481804.96096
625,2015-05-28,3183,57.69,428506.881011
626,2015-05-29,5079,60.25,560519.530038
627,2015-06-01,1388,60.24,812081.2027655
628,2015-06-02,3643,61.3,753430.6418917
629,2015-06-03,5581,59.67,747929.452075
630,2015-06-04,3401,58.0,608994.6461083
631,2015-06-05,5144,59.11,657675.126037
632,2015-06-08,949,58.15,696952.81204
633,2015-06-09,3216,60.15,623725.1071692
634,2015-06-10,5373,61.36,641435.3719983
635,2015-06-11,1369,60.74,510019.1489275
636,2015-06-12,6500,59.96,606616.000975
637,2015-06-15,1495,59.53,666557.1317587
638,2015-06-16,3629,60.01,672637.824072
639,2015-06-17,8606,59.89,677171.157112
640,2015-06-18,1775,60.41,556155.0391433
641,2015-06-19,6748,59.62,659233.5706609
642,2015-06-22,1617,60.01,701208.22895
643,2015-06-23,3756,61.05,640322.326029
644,2015-06-24,9265,60.01,643411.714061
645,2015-06-25,1154,59.59,518700.9558973
646,2015-06-26,6213,59.41,593299.460788
647,2015-06-29,1006,58.34,639072.192193
648,2015-06-30,2927,59.48,669548.425059
649,2015-07-01,8448,56.94,885953.200992
650,2015-07-02,1306,56.93,705642.2820965
651,2015-07-03,6484,67.71436595744682,772773.3939200001
652,2015-07-06,1033,52.48,754949.70914
653,2015-07-07,2971,52.33,654821.0515315
654,2015-07-08,8236,51.61,732992.130029
655,2015-07-09,1214,52.76,605032.4963965
656,2015-07-10,6406,52.74,643986.381178
657,2015-07-13,1009,52.19,647967.077874
658,2015-07-14,2851,53.05,601452.258023
659,2015-07-15,8255,51.4,664505.1001790001
660,2015-07-16,1225,50.9,584042.727022
661,2015-07-17,6503,50.88,653452.17114
662,2015-07-20,1357,50.11,685961.243972
663,2015-07-21,3157,50.59,607836.498977
664,2015-07-22,8415,49.27,631385.408886
665,2015-07-23,1482,48.11,541511.421067
666,2015-07-24,6714,47.98,635244.2449785
667,2015-07-27,1466,47.17,652999.1942961001
668,2015-07-28,3408,47.97,594977.6665523
669,2015-07-29,8747,48.77,625449.98155
670,2015-07-30,1662,48.53,543393.592625
671,2015-07-31,7021,47.11,695083.4489723
672,2015-08-03,1405,45.25,811119.83411
673,2015-08-04,3489,45.75,726613.35811
674,2015-08-05,8919,45.13,724346.594
675,2015-08-06,1529,44.69,583375.211759
676,2015-08-07,6744,43.87,663326.5180703
677,2015-08-10,1389,44.94,785477.934216
678,2015-08-11,3358,43.11,668280.357956
679,2015-08-12,7917,43.22,678064.7316857
680,2015-08-13,1482,42.27,557859.477954
681,2015-08-14,6748,42.45,734484.205049
682,2015-08-17,1393,41.93,694747.161863
683,2015-08-18,3316,42.58,629475.6430527
684,2015-08-19,7781,40.75,653733.3600063
685,2015-08-20,1511,41.0,569443.704073
686,2015-08-21,7086,40.45,653281.208151
687,2015-08-24,1491,38.22,681575.9899773
688,2015-08-25,3525,39.15,624698.33755
689,2015-08-26,8142,38.5,640075.9908365
690,2015-08-27,1462,42.47,548043.327354
691,2015-08-28,6846,45.29,635737.2322
692,2015-08-31,1257,49.2,776152.5521897
693,2015-09-01,3595,45.38,906549.992952
694,2015-09-02,8161,46.3,879033.0925
695,2015-09-03,2241,46.75,707093.042
696,2015-09-04,7802,46.02,736395.302632
697,2015-09-07,2391,67.71436595744682,767382.7769737
698,2015-09-08,4385,45.92,677312.236066
699,2015-09-09,8964,44.13,705633.4998935
700,2015-09-10,2597,45.85,577743.795026
701,2015-09-11,7873,44.75,651330.167952
702,2015-09-14,2433,44.07,688405.190061
703,2015-09-15,4657,44.58,682134.3540295
704,2015-09-16,9156,47.12,742089.667998
705,2015-09-17,2563,46.93,593577.802125
706,2015-09-18,7943,44.71,653805.874946
707,2015-09-21,2517,46.67,717725.376959
708,2015-09-22,4480,46.17,641914.7389995
709,2015-09-23,9189,44.53,690419.721922
710,2015-09-24,2352,44.94,557321.610921
711,2015-09-25,7739,45.55,646083.8750635
712,2015-09-28,2245,44.4,671261.0640092
713,2015-09-29,4278,45.24,609130.6581453
714,2015-09-30,9027,45.06,711182.539054
715,2015-10-01,2231,44.75,796340.858947
716,2015-10-02,7801,45.54,830719.387744
717,2015-10-05,1990,46.28,809524.837996
718,2015-10-06,3989,48.53,696169.275967
719,2015-10-07,8798,47.86,720562.330573
720,2015-10-08,2042,49.46,603066.030064
721,2015-10-09,7815,49.67,873934.7190479999
722,2015-10-12,1864,47.09,721634.5721813
723,2015-10-13,3899,46.7,585141.5538577
724,2015-10-14,8778,46.63,688198.106351
725,2015-10-15,1289,46.38,577952.197162
726,2015-10-16,6959,47.3,693829.351874
727,2015-10-19,1166,45.91,699259.488037
728,2015-10-20,3039,45.84,660308.361186
729,2015-10-21,7950,45.22,672847.3460333
730,2015-10-22,1019,44.9,547020.0469813
731,2015-10-23,6519,43.91,639040.6062
732,2015-10-26,842,43.19,649914.352338
733,2015-10-27,2944,43.21,587066.101075
734,2015-10-28,7811,45.93,599388.1222552
735,2015-10-29,1392,46.02,511860.0689186
736,2015-10-30,7060,46.6,635875.8911987
737,2015-11-02,1715,46.12,762549.794932
738,2015-11-03,3898,47.88,1033439.132986
739,2015-11-04,9041,46.32,855494.43996
740,2015-11-05,1872,45.27,649662.670907
741,2015-11-06,7448,44.32,671145.788057
742,2015-11-09,1707,43.87,683644.901987
743,2015-11-10,3788,44.23,623529.1790699
744,2015-11-11,8741,42.95,689746.212316
745,2015-11-12,1777,41.74,506937.6640027
746,2015-11-13,7175,40.69,626674.025055
747,2015-11-16,2524,41.68,716508.7092175
748,2015-11-17,4525,40.73,618919.988059
749,2015-11-18,9935,40.75,683954.18795
750,2015-11-19,2888,40.55,560452.567301
751,2015-11-20,8109,39.39,665619.668251
752,2015-11-23,2307,39.27,696685.460932
753,2015-11-24,4508,40.89,612710.200935
754,2015-11-25,9548,41.22,658917.83013
755,2015-11-26,2134,67.71436595744682,530358.330027
756,2015-11-27,7812,40.57,645087.0350447
757,2015-11-30,2190,40.43,762036.1239965
758,2015-12-01,5121,40.58,857620.9426407
759,2015-12-02,10113,39.93,867269.5758400001
760,2015-12-03,2513,41.08,676883.031992
761,2015-12-04,8073,40.0,749354.1319635
762,2015-12-07,2031,37.64,822334.708983
763,2015-12-08,4241,37.46,712569.16983
764,2015-12-09,9603,37.16,747893.782087
765,2015-12-10,2013,36.76,657427.1785246
766,2015-12-11,7574,35.65,708392.807819
767,2015-12-14,1672,36.31,811613.7221567
768,2015-12-15,5965,37.32,779809.953397
769,2015-12-16,11274,35.55,859930.249129
770,2015-12-17,2120,34.98,809809.748717
771,2015-12-18,7493,34.72,893569.902701
772,2015-12-21,1811,34.55,1072887.476889
773,2015-12-22,4122,36.12,1141861.90926
774,2015-12-23,9276,36.76,1196146.056374
775,2015-12-24,1838,37.62,1083680.315238
776,2015-12-28,1316,36.36,789684.9127821
777,2015-12-29,3848,37.88,870762.025758
778,2015-12-30,9068,36.59,1030043.735764
779,2015-12-31,1638,37.13,964641.541501
780,2016-01-04,391,36.81,177526.512015
781,2016-01-05,3950,35.97,835320.439089
782,2016-01-06,8959,33.97,821685.655923
783,2016-01-07,1998,33.29,653504.3669428
784,2016-01-08,7235,33.2,713608.3341557
785,2016-01-11,1467,31.42,705495.240963
786,2016-01-12,3683,30.42,647058.461085
787,2016-01-13,8823,30.42,660045.317135
788,2016-01-14,1917,31.22,561972.62307
789,2016-01-15,7696,29.45,671027.100027
790,2016-01-18,2201,67.71436595744682,709784.229951
791,2016-01-19,4738,28.47,630929.75099
792,2016-01-20,10589,26.68,738744.013045
793,2016-01-21,940,29.55,552820.7690359
794,2016-01-22,6542,32.07,648431.428037
795,2016-01-25,782,30.31,658090.687097
796,2016-01-26,3075,29.54,609465.787904
797,2016-01-27,8217,32.32,647254.67807
798,2016-01-28,2483,33.21,533709.8489592
799,2016-01-29,8261,33.66,660492.758086
800,2016-02-01,2805,31.62,872063.3148838
801,2016-02-02,4924,29.9,765233.207779
802,2016-02-03,9935,32.29,772360.939004
803,2016-02-04,3326,31.63,650328.166941
804,2016-02-05,9244,30.86,768586.5079877
805,2016-02-08,3245,29.71,636542.677274
806,2016-02-09,5542,27.96,746939.64016
807,2016-02-10,10965,27.54,790988.713851
808,2016-02-11,5650,26.19,646376.371075
809,2016-02-12,11248,29.32,698152.0698755
810,2016-02-15,5744,67.71436595744682,746671.290005
811,2016-02-16,6223,29.05,719111.88609
812,2016-02-17,11241,30.68,723794.722013
813,2016-02-18,3949,30.77,570072.678149
814,2016-02-19,9501,29.59,672510.133621
815,2016-02-22,4009,31.37,698907.63622
816,2016-02-23,6027,31.84,641329.0610941
817,2016-02-24,11117,30.35,675573.377814
818,2016-02-25,3236,31.4,557959.327812
819,2016-02-26,9782,31.65,641922.8016649
820,2016-02-29,3956,32.74,726619.7578255
821,2016-03-01,6666,34.39,897927.643296
822,2016-03-02,11706,34.57,878452.364907
823,2016-03-03,3490,34.56,671564.7523075
824,2016-03-04,9322,35.91,747546.7958183
825,2016-03-07,3446,37.9,738126.524119
826,2016-03-08,5398,36.67,642291.3448895
827,2016-03-09,10754,37.62,694645.8489091
828,2016-03-10,3430,37.77,572491.856825
829,2016-03-11,9111,38.51,664893.5129268001
830,2016-03-14,3453,37.2,668066.393105
831,2016-03-15,5709,36.32,668186.702459
832,2016-03-16,10828,38.43,739805.377693
833,2016-03-17,4979,40.17,580452.5319757
834,2016-03-18,9539,39.47,666756.8191527
835,2016-03-21,4119,39.91,690469.800941
836,2016-03-22,5900,41.45,622695.8369947
837,2016-03-23,11249,38.28,714881.17408
838,2016-03-24,2340,38.14,660489.8450025
839,2016-03-25,7584,67.71436595744682,633524.200062
840,2016-03-28,2380,37.99,661057.8656583
841,2016-03-29,4467,36.91,621166.0630926
842,2016-03-30,9807,36.91,660138.988943
843,2016-03-31,3581,36.94,617374.3379607
844,2016-04-01,9793,35.36,872467.3200749999
845,2016-04-04,3643,34.3,795237.1920634999
846,2016-04-05,5677,34.52,725750.101045
847,2016-04-06,11186,37.74,744784.8430795
848,2016-04-07,3080,37.3,587939.720177
849,2016-04-08,9240,39.74,689727.1961377
850,2016-04-11,4377,40.46,665348.963943
851,2016-04-12,6825,42.12,651657.0342615
852,2016-04-13,12374,41.7,672611.48105
853,2016-04-14,3484,41.45,546785.2089455
854,2016-04-15,9158,40.4,667606.299867
855,2016-04-18,4075,39.74,1345920.6048929
856,2016-04-19,6110,40.88,1152089.208085
857,2016-04-20,12650,42.72,1062426.2900389
858,2016-04-21,5526,43.18,1001079.779168
859,2016-04-22,11038,42.76,857059.24399
860,2016-04-25,5125,41.67,680000.753839
861,2016-04-26,7306,42.52,704799.4182328
862,2016-04-27,13522,45.29,670288.098041
863,2016-04-28,6363,46.03,543339.849013
864,2016-04-29,14393,45.98,708711.428894
865,2016-05-02,9677,44.75,973985.670432
866,2016-05-03,12286,43.65,792205.5501393
867,2016-05-04,17422,43.77,798654.4540987
868,2016-05-05,9971,44.33,648701.6029645
869,2016-05-06,16096,44.58,761422.5161262
870,2016-05-09,10233,43.45,771767.6541339
871,2016-05-10,12099,44.68,693010.486981
872,2016-05-11,15793,46.21,727543.4630335
873,2016-05-12,8951,46.64,603394.2070997
874,2016-05-13,14003,46.22,666833.8999414
875,2016-05-16,8877,47.72,748112.686851
876,2016-05-17,10975,48.29,661930.83884
877,2016-05-18,14599,48.12,671232.9593407
878,2016-05-19,8973,48.16,581470.5602065
879,2016-05-20,14004,47.67,706024.0579254
880,2016-05-23,8534,48.12,695004.681298
881,2016-05-24,10606,48.04,606377.2052165
882,2016-05-25,15657,49.1,637512.038734
883,2016-05-26,10758,49.0,571968.623123
884,2016-05-27,17133,49.36,852689.219312
885,2016-05-30,11392,67.71436595744682,752452.419172
886,2016-05-31,14668,49.1,974327.9898907
887,2016-06-01,15912,49.07,811525.320315
888,2016-06-02,8059,49.14,694535.9356793
889,2016-06-03,11747,48.69,742363.085208
890,2016-06-06,6262,49.71,729894.222866
891,2016-06-07,8345,50.37,658714.653306
892,2016-06-08,13972,51.23,696747.5498651
893,2016-06-09,6261,50.52,547139.6129411
894,2016-06-10,12011,49.09,637354.31962
895,2016-06-13,7235,48.89,685382.193062
896,2016-06-14,9714,48.49,622267.7731045
897,2016-06-15,16034,47.92,708327.6370845
898,2016-06-16,7642,46.14,620526.243001
899,2016-06-17,13274,48.0,737897.438279
900,2016-06-20,7609,49.4,735754.3648971
901,2016-06-21,9623,48.95,679248.0220203
902,2016-06-22,15476,49.16,677730.6512057
903,2016-06-23,6384,49.34,559653.337429
904,2016-06-24,11846,46.7,641812.675912
905,2016-06-27,6513,45.8,684735.608995
906,2016-06-28,8118,47.93,596948.934953
907,2016-06-29,13620,49.85,632489.476942
908,2016-06-30,6662,48.27,554144.864923
909,2016-07-01,12713,49.02,857027.5539605
910,2016-07-04,6906,67.71436595744682,850891.598845
911,2016-07-05,9188,46.73,728011.558041
912,2016-07-06,16405,47.37,752110.940641
913,2016-07-07,5265,45.22,591702.7820185
914,2016-07-08,12532,45.37,688563.400224
915,2016-07-11,7134,44.73,688436.1450485
916,2016-07-12,8817,46.82,627039.780111
917,2016-07-13,13382,44.87,642494.4024465
918,2016-07-14,5346,45.64,535124.328126
919,2016-07-15,11407,45.93,675032.4290353
920,2016-07-18,5892,45.23,702619.751022
921,2016-07-19,7823,44.64,633176.2922806
922,2016-07-20,13216,44.96,686848.847004
923,2016-07-21,5644,43.96,578823.6890245
924,2016-07-22,10352,43.41,646633.655341
925,2016-07-25,5681,42.4,697383.602092
926,2016-07-26,7550,42.16,622771.923903
927,2016-07-27,10781,41.9,651121.9849837
928,2016-07-28,5647,41.13,533256.2493581
929,2016-07-29,11243,41.54,669585.8378729
930,2016-08-01,5349,40.05,895580.405053
931,2016-08-02,7884,39.5,777592.8388893
932,2016-08-03,13361,40.8,779844.8100532
933,2016-08-04,5955,41.92,622883.098161
934,2016-08-05,11624,41.83,704092.7391311
935,2016-08-08,6231,43.06,715195.5388238
936,2016-08-09,8593,42.78,635538.981035
937,2016-08-10,13998,41.75,658457.436112
938,2016-08-11,6448,43.51,596729.279945
939,2016-08-12,11760,44.47,745662.5051491
940,2016-08-15,6925,45.72,720032.299881
941,2016-08-16,8896,46.57,718671.651353
942,2016-08-17,14445,46.81,725945.703034
943,2016-08-18,6847,48.2,577350.5209386
944,2016-08-19,12171,48.48,678767.115815
945,2016-08-22,6907,46.8,714866.233843
946,2016-08-23,8720,47.54,660819.9779755
947,2016-08-24,13484,46.29,674613.0479498
948,2016-08-25,5714,46.97,554421.529139
949,2016-08-26,11058,47.64,646698.272887
950,2016-08-29,6096,46.97,671845.736816
951,2016-08-30,8397,46.32,624711.335056
952,2016-08-31,14079,44.68,731430.1240452
953,2016-09-01,6204,43.17,718105.570925
954,2016-09-02,11445,44.39,837129.587642
955,2016-09-05,5446,67.71436595744682,813763.2950235
956,2016-09-06,7130,44.85,751583.025072
957,2016-09-07,12437,45.47,738543.916999
958,2016-09-08,5757,47.63,595849.2986095
959,2016-09-09,11435,45.88,658969.026968
960,2016-09-12,5902,46.28,678776.4591265
961,2016-09-13,7836,44.91,603427.946974
962,2016-09-14,13238,43.62,624262.071976
963,2016-09-15,8373,43.85,568324.812986
964,2016-09-16,14453,43.04,691912.601466
965,2016-09-19,8924,43.34,681159.341976
966,2016-09-20,10992,43.85,650980.3219717001
967,2016-09-21,16166,45.33,666928.400013
968,2016-09-22,9185,46.1,533276.332017
969,2016-09-23,14938,44.36,663685.9846653
970,2016-09-26,9248,45.6,664217.4402937
971,2016-09-27,10823,44.65,560499.7198165
972,2016-09-28,15766,47.07,631761.1750463
973,2016-09-29,8746,47.72,520744.9210333
974,2016-09-30,14020,47.72,703198.490806
975,2016-10-03,8527,48.8,833060.55889
976,2016-10-04,11381,48.67,724113.096039
977,2016-10-05,16510,49.75,749712.3000211
978,2016-10-06,8844,50.44,581429.340158
979,2016-10-07,14565,49.76,797612.239327
980,2016-10-10,9518,49.76,725312.8469015
981,2016-10-11,11499,50.72,625271.993952
982,2016-10-12,15499,50.14,665126.077693
983,2016-10-13,9141,50.47,558859.8909975
984,2016-10-14,14622,50.35,667954.207226
985,2016-10-17,8913,49.97,710456.4240015
986,2016-10-18,10764,50.3,630638.592023
987,2016-10-19,15074,51.59,647823.468973
988,2016-10-20,8438,50.31,583001.280078
989,2016-10-21,13952,50.61,669453.5420583
990,2016-10-24,8278,50.18,668507.6451983
991,2016-10-25,10318,49.45,610590.8979547
992,2016-10-26,20046,48.75,633413.8905697
993,2016-10-27,12296,49.71,544361.4798829
994,2016-10-28,18399,48.72,638838.252231
995,2016-10-31,13089,46.83,654923.5029715
996,2016-11-01,15036,46.66,811832.445984
997,2016-11-02,21832,45.32,969033.618953
998,2016-11-03,13041,44.66,793811.6841115
999,2016-11-04,17726,44.07,858468.216477
1000,2016-11-07,12332,44.88,849451.0429045
1001,2016-11-08,13995,44.96,767439.628434
1002,2016-11-09,21413,45.2,790276.839009
1003,2016-11-10,11964,44.62,588241.7590247
1004,2016-11-11,17688,43.39,713396.4541223
1005,2016-11-14,10519,43.29,735723.172977
1006,2016-11-15,13178,45.86,691801.6290437999
1007,2016-11-16,20041,45.56,830431.7415873
1008,2016-11-17,9983,45.37,615228.2560159
1009,2016-11-18,15252,45.69,738265.552222
1010,2016-11-21,11295,47.48,773762.280859
1011,2016-11-22,13276,48.07,690281.251004
1012,2016-11-23,20488,46.72,753685.041456
1013,2016-11-24,11234,67.71436595744682,595457.3062203
1014,2016-11-25,17137,46.72,737819.484836
1015,2016-11-28,11861,45.66,752583.7680527
1016,2016-11-29,13347,45.29,645760.5082353
1017,2016-11-30,19424,49.41,767361.704324
1018,2016-12-01,12985,51.08,843603.315088
1019,2016-12-02,18819,51.7,853454.930795
1020,2016-12-05,13159,51.72,896824.938971
1021,2016-12-06,15573,50.95,932546.385931
1022,2016-12-07,26861,49.85,867653.7351403
1023,2016-12-08,13681,50.84,674077.382905
1024,2016-12-09,19275,51.51,774941.923982
1025,2016-12-12,13791,52.74,844251.703802
1026,2016-12-13,16204,52.99,747161.615593
1027,2016-12-14,21728,51.01,829763.2190675
1028,2016-12-15,14623,50.9,747641.1828753001
1029,2016-12-16,20131,51.93,918899.786306
1030,2016-12-19,15014,52.13,1028242.8227987
1031,2016-12-20,17863,52.22,1080402.388032
1032,2016-12-21,23427,51.44,1181307.3270735
1033,2016-12-22,15486,51.98,1135849.391084
1034,2016-12-23,21531,52.01,1282145.5171351
1035,2016-12-26,14818,67.71436595744682,1032770.748898
1036,2016-12-27,16147,52.82,842475.490118
1037,2016-12-28,23634,54.01,951533.7138481
1038,2016-12-29,15877,53.8,894108.236835
1039,2016-12-30,21974,53.75,1163643.0379923
1040,2017-01-02,11812,67.71436595744682,1402306.370834
1041,2017-01-03,13906,52.36,1104377.0798245
1042,2017-01-04,22918,53.26,990093.463742
1043,2017-01-05,8550,53.77,777620.9540695
1044,2017-01-06,15539,53.98,839600.237989
1045,2017-01-09,9647,51.95,793724.8969065
1046,2017-01-10,11820,50.82,742635.5692609
1047,2017-01-11,17301,52.19,770742.690065
1048,2017-01-12,9601,53.01,629635.794004
1049,2017-01-13,15674,52.36,768898.9443882
1050,2017-01-16,9912,67.71436595744682,824488.666175
1051,2017-01-17,12064,52.45,750836.542952
1052,2017-01-18,18723,51.12,782656.0246723
1053,2017-01-19,9633,51.39,606949.7448793
1054,2017-01-20,14854,52.33,725703.6910875
1055,2017-01-23,9356,52.77,798133.612125
1056,2017-01-24,11940,52.38,721275.774781
1057,2017-01-25,18532,52.14,744342.5929227
1058,2017-01-26,7562,53.24,576515.5369877
1059,2017-01-27,13112,53.18,722113.958837
1060,2017-01-30,7330,52.63,698123.768037
1061,2017-01-31,10584,52.75,778222.285925
1062,2017-02-01,16375,53.9,961777.382874
1063,2017-02-02,8017,53.55,748882.732615
1064,2017-02-03,13655,53.81,834667.1519293
1065,2017-02-06,7734,53.01,786672.394181
1066,2017-02-07,9964,52.19,739431.213302
1067,2017-02-08,19103,52.37,783605.377185
1068,2017-02-09,7213,52.99,624387.487899
1069,2017-02-10,12607,53.84,752207.2398545
1070,2017-02-13,7527,52.96,794314.4320675
1071,2017-02-14,9653,53.21,642613.187069
1072,2017-02-15,17201,53.11,745780.355084
1073,2017-02-16,8104,53.41,645968.2570671
1074,2017-02-17,13615,53.41,758855.71279
1075,2017-02-20,8008,67.71436595744682,759120.0599607
1076,2017-02-21,10436,54.02,717807.6770255
1077,2017-02-22,16096,53.61,739388.0344027
1078,2017-02-23,8374,54.48,675578.500156
1079,2017-02-24,14147,53.99,816197.498952
1080,2017-02-27,8398,54.04,744956.948138
1081,2017-02-28,11215,54.0,949366.8290505
1082,2017-03-01,18621,53.82,1008521.709962
1083,2017-03-02,9186,52.63,836225.179072
1084,2017-03-03,15308,53.33,882639.776274
1085,2017-03-06,8100,53.19,790143.2410905
1086,2017-03-07,10556,52.68,761866.729975
1087,2017-03-08,16073,49.83,781046.6619577
1088,2017-03-09,7340,48.75,653901.1919827
1089,2017-03-10,13248,48.05,773855.30685
1090,2017-03-13,7142,47.95,754390.380036
1091,2017-03-14,9650,47.24,700998.0346447
1092,2017-03-15,15436,48.34,815621.887369
1093,2017-03-16,7569,48.3,699108.166824
1094,2017-03-17,14263,48.34,812306.77427
1095,2017-03-20,8349,47.79,826428.90991
1096,2017-03-21,11112,47.02,746620.926177
1097,2017-03-22,16052,47.29,767880.804934
1098,2017-03-23,6839,47.0,670848.010029
1099,2017-03-24,13150,47.3,787914.125515
1100,2017-03-27,7884,47.02,784103.265042
1101,2017-03-28,10654,48.36,702943.9485770001
1102,2017-03-29,17151,49.47,824632.985033
1103,2017-03-30,9116,50.3,637624.340998
1104,2017-03-31,14027,50.54,878750.03788
1105,2017-04-03,6545,50.25,835191.622029
1106,2017-04-04,9316,50.99,835602.6360017
1107,2017-04-05,15094,51.14,846631.307907
1108,2017-04-06,6973,51.69,683059.570103
1109,2017-04-07,12478,52.25,765502.211925
1110,2017-04-10,6662,53.06,739392.130988
1111,2017-04-11,9681,53.38,741331.430196
1112,2017-04-12,18094,53.12,791762.312883
1113,2017-04-13,10215,53.19,737029.565183
1114,2017-04-14,15812,67.71436595744682,740889.486829
1115,2017-04-17,10152,52.62,775916.9059055
1116,2017-04-18,11980,52.46,717196.315762
1117,2017-04-19,19618,50.49,735733.2142477001
1118,2017-04-20,11231,50.26,675804.0219027
1119,2017-04-21,18291,49.64,795795.893872
1120,2017-04-24,12476,48.9,755072.530945
1121,2017-04-25,14844,49.22,718996.080637
1122,2017-04-26,21140,49.22,781159.2829995
1123,2017-04-27,12602,48.96,624910.0260955
1124,2017-04-28,18991,49.31,797636.6251025
1125,2017-05-01,12733,48.83,1306699.366897
1126,2017-05-02,14155,47.65,907324.094113
1127,2017-05-03,21181,47.79,924247.257204
1128,2017-05-04,10040,45.55,716654.608983
1129,2017-05-05,15908,46.23,780798.407016
1130,2017-05-08,9552,46.46,776307.495015
1131,2017-05-09,12040,45.84,715811.198881
1132,2017-05-10,20292,47.28,766101.907094
1133,2017-05-11,11109,47.81,648650.413039
1134,2017-05-12,16721,47.83,764812.415784
1135,2017-05-15,11265,48.86,823035.572122
1136,2017-05-16,13685,48.64,807803.8950783
1137,2017-05-17,18617,49.04,841407.607944
1138,2017-05-18,10594,49.36,628487.989962
1139,2017-05-19,15706,50.32,773775.4378677
1140,2017-05-22,10039,50.81,778935.156126
1141,2017-05-23,12292,51.12,723151.767982
1142,2017-05-24,20850,50.99,746303.6271255
1143,2017-05-25,9527,48.57,620108.24391
1144,2017-05-26,16458,49.58,984511.1521135
1145,2017-05-29,10056,67.71436595744682,776813.137038
1146,2017-05-30,12281,49.63,742471.2769905
1147,2017-05-31,17457,48.29,858062.149411
1148,2017-06-01,3498,48.32,766859.172845
1149,2017-06-02,13480,47.68,918421.319125
1150,2017-06-05,8750,47.4,912693.8511
1151,2017-06-06,11319,48.13,805546.647956
1152,2017-06-07,17369,45.8,842979.8370823
1153,2017-06-08,10621,45.68,667099.801025
1154,2017-06-09,15713,45.82,795116.1360699
1155,2017-06-12,10854,46.1,768349.7589517
1156,2017-06-13,13186,46.41,729412.959849
1157,2017-06-14,20019,44.79,785885.9088963
1158,2017-06-15,10081,44.47,660338.346974
1159,2017-06-16,15820,44.73,834786.4275550001
1160,2017-06-19,10399,44.24,791146.393731
1161,2017-06-20,13072,43.34,787326.7170395
1162,2017-06-21,21009,42.48,766159.0112892
1163,2017-06-22,11621,42.53,609868.8309586
1164,2017-06-23,17672,42.86,761049.7450639
1165,2017-06-26,10857,43.24,755367.8450665
1166,2017-06-27,13169,44.25,682218.468913
1167,2017-06-28,20138,44.74,731896.9850105
1168,2017-06-29,13403,44.88,630811.802872
1169,2017-06-30,18245,46.02,802273.1392327
1170,2017-07-03,12329,67.71436595744682,925143.408816
1171,2017-07-04,14888,67.71436595744682,832359.2860137
1172,2017-07-05,23049,45.11,844301.613116
1173,2017-07-06,13192,45.52,700272.0099567
1174,2017-07-07,18485,44.25,805792.302193
1175,2017-07-10,12239,44.4,804158.8610365
1176,2017-07-11,14429,45.06,730534.767701
1177,2017-07-12,20226,45.48,748799.9959087
1178,2017-07-13,10199,46.06,629651.3629294999
1179,2017-07-14,16059,46.53,765489.6173932999
1180,2017-07-17,10056,46.02,818325.522149
1181,2017-07-18,12065,46.4,730133.70894
1182,2017-07-19,18201,47.1,767978.778078
1183,2017-07-20,10708,46.73,688288.067857
1184,2017-07-21,15340,45.78,782418.2992188
1185,2017-07-24,9448,46.21,816564.327096
1186,2017-07-25,11325,47.77,713581.632609
1187,2017-07-26,18725,48.58,740653.044167
1188,2017-07-27,8001,49.05,659849.8270588
1189,2017-07-28,13850,49.72,835099.6822035
1190,2017-07-31,8649,50.21,885856.8408705
1191,2017-08-01,10150,49.19,988527.763204
1192,2017-08-02,16524,49.6,964712.016051
1193,2017-08-03,7859,49.03,728068.485132
1194,2017-08-04,14193,49.57,827775.686128
1195,2017-08-07,8209,49.37,797464.963817
1196,2017-08-08,10638,49.07,717766.3491055
1197,2017-08-09,16117,49.59,734139.67401
1198,2017-08-10,7917,48.54,651386.9119697
1199,2017-08-11,14179,48.81,826373.722022
1200,2017-08-14,8043,47.59,760922.4060808
1201,2017-08-15,10605,47.57,762661.935939
